<?xml version="1.0" encoding="UTF-8"?>
<project-private xmlns="http://www.netbeans.org/ns/project-private/1">
    <editor-bookmarks xmlns="http://www.netbeans.org/ns/editor-bookmarks/2" lastBookmarkId="0"/>
    <open-files xmlns="http://www.netbeans.org/ns/projectui-open-files/2">
        <group>
            <file>file:/C:/Users/cande/OneDrive/Documentos/2022/TLDP%202022/humana/src/humana/iniciosesion.java</file>
            <file>file:/C:/Users/cande/OneDrive/Documentos/2022/TLDP%202022/humana/src/humana/humanagaleria.java</file>
            <file>file:/C:/Users/cande/OneDrive/Documentos/2022/TLDP%202022/humana/src/humana/Humana.java</file>
            <file>file:/C:/Users/cande/OneDrive/Documentos/2022/TLDP%202022/humana/src/humana/humanamenu.java</file>
        </group>
    </open-files>
</project-private>
